date,open,high,low,close,volume,quote_asset_volume,number_of_trades,taker_buy_base_asset_volume,taker_buy_quote_asset_volume
2022-03-17,1.00000000,28.00000000,1.00000000,8.51920000,59422632.28000000,505832213.23044600,1246008,29711010.08000000,252765485.99153200
2022-03-18,8.51920000,18.00000000,8.51920000,13.08000000,182561145.14000000,2459145655.62183500,4723192,92786577.91000000,1247150814.31707000
2022-03-19,13.08010000,14.75000000,11.42540000,11.72130000,54793544.04000000,734595045.56277800,1037948,26524681.82000000,356443265.44224200
2022-03-20,11.72800000,11.94720000,9.50470000,9.63020000,48059311.98000000,527395362.93017700,792601,23365817.46000000,256808075.47800200
2022-03-21,9.62910000,11.00790000,9.56840000,10.50420000,50390386.20000000,518479971.17784200,713131,24644945.89000000,253452111.76664800
2022-03-22,10.51090000,12.58570000,10.20500000,12.21700000,47568581.62000000,542632061.36755000,834253,24152072.03000000,275753080.38739600
2022-03-23,12.21670000,13.50830000,11.50050000,13.31200000,45585881.45000000,573366761.66071800,829215,23123812.49000000,291129920.07054400
2022-03-24,13.30770000,14.50000000,12.77000000,12.90320000,37851263.85000000,518172089.47631500,719607,18805067.73000000,257679117.70505400
2022-03-25,12.89730000,13.69770000,12.23160000,12.38610000,22887281.56000000,297144383.77134600,432437,11167844.33000000,145135037.28479500
2022-03-26,12.38640000,14.24990000,12.35350000,13.82870000,25971798.54000000,348404537.08742300,442143,13350162.64000000,179117646.53741300
2022-03-27,13.82880000,14.35680000,13.29500000,14.27000000,21363791.31000000,297079741.77996200,360665,10556866.60000000,146915955.29394500
2022-03-28,14.27020000,15.55710000,13.88800000,14.02750000,29875468.71000000,446662178.26945300,554350,14540625.83000000,217669402.60806900
2022-03-29,14.02690000,14.56760000,13.33330000,13.59500000,18102005.94000000,253385976.03572900,392549,9028119.06000000,126475688.98101900
2022-03-30,13.59500000,14.58050000,13.03850000,14.21030000,21323972.74000000,297289230.90396200,426612,10446439.76000000,145779284.51140000
2022-03-31,14.21020000,14.39880000,12.50000000,12.70250000,17286226.74000000,231458614.86207500,351264,8162849.83000000,109356711.30628500
2022-04-01,12.70400000,13.60000000,12.23640000,12.81850000,12975716.19000000,167148629.29798800,279882,6576178.21000000,84804156.44549600
2022-04-02,12.82370000,13.81690000,12.35530000,12.42380000,14458733.18000000,189390551.58137100,342297,7302805.74000000,95711133.71582900
2022-04-03,12.42210000,12.92300000,11.86210000,12.38240000,10132758.77000000,125983129.87518400,256584,5001481.21000000,62262364.76978000
2022-04-04,12.38740000,12.42200000,11.13570000,11.93250000,9277266.58000000,109986866.79567000,232091,4506186.68000000,53519954.28049100
2022-04-05,11.93170000,12.79530000,11.51010000,11.62990000,12152740.59000000,148314399.99593700,298996,5838353.31000000,71321101.73836100
2022-04-06,11.62980000,12.03800000,10.51500000,10.65970000,15209336.26000000,170910267.89396600,350556,7037642.61000000,79198011.09448200
2022-04-07,10.66020000,11.29900000,10.62250000,11.17570000,8712817.38000000,96108060.72187100,215686,4444171.35000000,49048476.38419700
2022-04-08,11.17480000,11.61310000,10.66610000,10.77970000,8823281.11000000,98846600.29819900,217445,4451443.49000000,49900068.89010500
2022-04-09,10.77870000,11.04980000,10.60000000,10.97570000,4152046.25000000,45026805.79794600,168510,2085975.24000000,22633506.22098600
2022-04-10,10.97580000,12.40000000,10.83000000,12.07110000,15555338.06000000,183761954.91018500,373000,7966175.17000000,94042749.84466300
2022-04-11,12.07380000,12.22320000,10.66120000,10.94040000,21586866.39000000,241909871.62094000,464699,10595934.36000000,118741989.15649200
2022-04-12,10.94640000,12.11000000,10.70000000,11.59020000,15868878.55000000,182228783.34914900,377565,7897941.84000000,90595205.82613300
2022-04-13,11.58970000,13.48000000,11.45490000,13.24230000,24772560.10000000,308681374.66322800,558711,12764623.81000000,159023598.23201200
2022-04-14,13.24150000,13.57210000,11.93150000,12.26760000,18569350.36000000,236022894.51918600,428727,9059554.75000000,115174915.02628200
2022-04-15,12.26750000,12.62060000,11.98140000,12.23460000,8458715.80000000,103769062.53781300,235725,4369739.14000000,53611787.82388600
2022-04-16,12.23600000,12.29360000,11.29670000,11.66430000,7883047.11000000,92687386.82021100,176222,3727978.98000000,43792300.76110100
2022-04-17,11.66360000,12.10000000,11.44990000,11.69910000,7762109.63000000,91342474.02133000,179930,3797949.23000000,44703598.32732800
2022-04-18,11.69480000,11.91690000,10.90000000,11.86720000,10872749.99000000,123837458.72953200,247400,5355069.71000000,61077197.34745900
2022-04-19,11.87120000,13.53080000,11.67100000,13.37390000,19252702.66000000,244217303.28575200,408154,9786762.94000000,124227482.76307200
2022-04-20,13.37390000,17.52000000,12.96480000,16.72690000,66101707.85000000,1054942404.45049600,1586704,33722741.83000000,538232801.22434100
2022-04-21,16.72200000,16.78630000,14.05370000,14.28850000,34980312.88000000,534575898.15046600,764247,16109686.23000000,246184774.32766500
2022-04-22,14.28870000,15.48720000,13.69210000,15.36930000,24889565.67000000,359744085.59636800,584494,12465788.77000000,180463613.17557000
2022-04-23,15.36940000,18.44970000,15.16600000,16.69210000,49136851.02000000,827069881.50511300,1213031,24565102.11000000,413883947.03702900
2022-04-24,16.68300000,17.87440000,15.90470000,16.81710000,31602952.93000000,529153171.97952600,722881,15908573.30000000,266501767.14367500
2022-04-25,16.81840000,19.60000000,16.18000000,19.33480000,42495151.45000000,743749083.20339400,911382,21507037.22000000,376866554.00070700
2022-04-26,19.34160000,19.57000000,17.41000000,18.07980000,35939105.05000000,656319005.04801900,809643,17305958.61000000,316167032.20753800
2022-04-27,18.08570000,19.94000000,17.84720000,19.41620000,27807055.02000000,528346070.43623000,666311,13890629.93000000,263827012.12911200
2022-04-28,19.41630000,27.60150000,19.10530000,23.70680000,57626916.47000000,1305736553.05402800,1606257,29721997.93000000,673779681.12020300
2022-04-29,23.70860000,24.45500000,18.31140000,19.12920000,89223935.77000000,1942293334.04980300,2586848,44071924.62000000,961116183.71745000
2022-04-30,19.13590000,25.60660000,19.13350000,19.97930000,71727724.55000000,1603888031.47750800,2272376,35920703.54000000,805028386.12170100
2022-05-01,19.99000000,20.44060000,15.53140000,15.87100000,61487032.79000000,1073978680.61716200,1711847,30497721.70000000,533103798.32585300
2022-05-02,15.87030000,17.35040000,14.20600000,15.05090000,45518047.50000000,711682532.39952400,1187702,22939416.51000000,358867651.22402700
2022-05-03,15.05370000,15.79460000,13.86690000,14.15750000,29395157.23000000,438344360.43183500,785351,14331937.19000000,213923482.88583900
2022-05-04,14.15500000,17.65370000,14.00000000,15.57000000,63692099.24000000,1006860795.05445100,1708285,31491022.50000000,498190152.89046800
2022-05-05,15.56850000,16.77000000,12.88290000,13.69180000,41333698.49000000,611885759.71413800,1134295,20223294.63000000,299594750.36533600
2022-05-06,13.69040000,13.89990000,12.68190000,13.26220000,26592139.24000000,354146788.66900000,684265,13116321.72000000,174782991.01437800
2022-05-07,13.26430000,13.33000000,12.11620000,12.34880000,20508145.81000000,259674479.80657900,471771,9960653.14000000,126206131.64824400
2022-05-08,12.35470000,12.51250000,11.07040000,11.23650000,19712511.95000000,230674441.73735300,446250,9712523.52000000,113629408.30869300
2022-05-09,11.23350000,11.64540000,7.90910000,8.00530000,51398074.34000000,511258013.35907800,905094,24962230.01000000,248295008.01345400
2022-05-10,8.00570000,10.20000000,7.79160000,9.03160000,60222967.90000000,539572761.37640400,991956,30336487.12000000,272175764.50528700
2022-05-11,9.02710000,9.44980000,5.17010000,5.71490000,74276573.90000000,519754528.33071000,1085077,35654844.61000000,250546657.03761500
2022-05-12,5.73050000,9.05920000,5.40000000,7.82130000,93732691.29000000,655825380.95296000,1391041,46715267.00000000,327009009.70755800
2022-05-13,7.82130000,9.80000000,7.66070000,8.54790000,62732824.19000000,557963144.22673200,1188871,31499886.41000000,280530905.97186700
2022-05-14,8.54810000,9.16000000,7.21470000,8.66530000,31430619.30000000,255362394.55371600,647551,15584827.54000000,126709542.60637200
2022-05-15,8.65980000,9.20000000,8.06360000,9.13180000,23673432.40000000,202187391.67163800,565753,11743278.00000000,100342194.23526300
2022-05-16,9.12820000,9.12930000,7.82480000,8.07970000,23215633.64000000,190941280.03717200,534589,11344683.77000000,93272850.18977600
2022-05-17,8.07980000,9.27420000,8.06170000,8.87900000,29652737.67000000,256160964.86355300,619270,14389518.20000000,124359805.90134200
2022-05-18,8.87900000,9.08090000,7.62700000,7.98070000,23079746.63000000,191237591.97297800,497903,11276858.21000000,93437946.88189400
2022-05-19,7.97990000,8.30000000,7.42750000,8.07070000,19798250.03000000,156095497.86199400,413274,9753242.98000000,76940121.75476000
2022-05-20,8.07260000,8.38000000,7.52320000,7.75900000,16146037.64000000,128177051.31494000,348958,8012472.32000000,63639872.22332300
2022-05-21,7.75870000,8.24150000,7.56910000,8.03050000,9594357.81000000,76074278.71688800,214589,4917337.88000000,39038158.28253400
2022-05-22,8.02950000,8.23000000,7.76510000,8.02840000,10813623.45000000,86472691.93151700,239326,5469754.67000000,43736445.15614700
2022-05-23,8.02610000,8.49990000,7.59300000,7.75700000,18986691.13000000,154166265.56140700,398143,9257570.65000000,75225734.51441800
2022-05-24,7.75670000,7.89590000,7.00430000,7.51020000,15783449.03000000,117061513.67719800,308246,7748412.18000000,57469336.17923800
2022-05-25,7.50990000,7.72940000,7.25570000,7.34170000,10838531.20000000,80699036.79853700,227262,5247029.16000000,39081385.62967200
2022-05-26,7.34000000,7.44860000,6.21460000,6.37630000,19394466.71000000,130714392.70720100,331532,9252276.91000000,62344216.67046900
2022-05-27,6.37590000,6.47520000,5.79600000,6.08570000,21290874.69000000,130468266.95805200,358933,10761545.34000000,65987708.52047400
2022-05-28,6.08500000,6.40240000,6.04160000,6.23140000,9925437.65000000,61991052.54041100,181846,4953790.50000000,30940384.39037800
2022-05-29,6.23140000,6.36500000,5.97270000,6.23650000,8333366.69000000,51362774.45890100,140353,4169353.25000000,25710506.26829700
2022-05-30,6.23750000,7.48000000,6.15600000,7.22240000,18367483.52000000,126887336.62130200,317821,9237243.44000000,63791382.16163200
2022-05-31,7.22270000,7.33990000,6.53780000,6.78010000,14914826.07000000,103085899.14648100,272051,7330797.19000000,50693317.71872800
2022-06-01,6.77940000,7.03460000,5.93860000,6.10820000,13660019.41000000,88729227.53831600,268073,6822529.64000000,44291859.13758000
2022-06-02,6.10660000,6.48890000,5.97360000,6.39680000,10322055.81000000,63849821.71564500,197805,5147294.43000000,31855269.56770000
2022-06-03,6.39680000,6.49590000,5.99370000,6.13090000,7379608.78000000,45655173.90267300,165941,3637648.73000000,22506095.59962000
2022-06-04,6.13090000,6.22980000,6.00730000,6.19590000,4202035.37000000,25783888.17294500,104230,2093072.06000000,12845102.84045800
2022-06-05,6.19880000,6.26300000,6.05000000,6.09910000,4210884.26000000,25818407.30105600,94330,2093663.31000000,12841194.46873700
2022-06-06,6.09700000,6.44370000,6.08040000,6.38990000,6661532.03000000,42071010.68389400,138762,3281109.69000000,20723115.24967400
2022-06-07,6.38950000,6.39800000,5.84150000,6.03230000,8584157.25000000,51985080.57005500,163130,4187204.03000000,25357978.64085300
2022-06-08,6.03230000,6.12460000,5.65700000,5.70500000,6851756.57000000,40556009.14029300,131948,3348134.43000000,19804992.27629500
2022-06-09,5.70800000,5.92240000,5.65230000,5.72140000,4370853.33000000,25288897.24463200,90287,2115656.15000000,12238295.50283500
2022-06-10,5.72120000,5.74210000,5.12000000,5.17650000,7254260.86000000,39292496.31128300,136304,3390738.59000000,18360945.25186200
2022-06-11,5.17630000,5.59550000,4.67900000,4.74660000,12633238.78000000,63660183.42630400,188271,6068588.36000000,30552582.67062800
2022-06-12,4.74690000,4.79830000,3.87530000,3.88870000,18922599.38000000,81199703.05047900,257520,9424906.55000000,40435629.74714200
2022-06-13,3.88730000,3.98990000,3.20960000,3.49130000,39750183.90000000,142508225.53734600,471005,20128127.92000000,72144777.10187500
2022-06-14,3.48540000,3.95000000,3.25000000,3.61630000,26868223.80000000,96679579.63877300,324818,13389854.06000000,48212531.28763100
2022-06-15,3.61630000,4.28300000,3.06610000,4.16350000,33068151.90000000,114429610.80089500,394748,16542689.20000000,57299497.76420700
2022-06-16,4.16290000,4.30000000,3.29670000,3.37780000,23356912.72000000,86916604.97480600,305848,11453627.14000000,42601072.87900800
2022-06-17,3.37780000,3.84690000,3.34540000,3.74290000,16100535.18000000,57906397.22583900,206292,8114294.36000000,29181302.45571300
2022-06-18,3.74270000,3.86750000,3.11940000,3.61970000,23328092.71000000,80268842.91486200,280992,11426736.86000000,39271479.98555800
2022-06-19,3.62150000,4.52310000,3.40480000,4.13030000,30261238.76000000,118001084.64384800,383226,15065386.50000000,58786144.36414400
2022-06-20,4.12920000,4.83480000,3.85540000,4.49220000,34815348.57000000,151811398.90464300,461459,17595526.87000000,76735574.81816400
2022-06-21,4.49010000,4.86000000,4.32240000,4.39730000,24165513.07000000,111360532.14480100,335175,11835194.62000000,54524813.92290600
2022-06-22,4.40020000,4.40550000,3.95160000,3.98180000,17450320.19000000,72707617.47680300,250494,8627444.83000000,35961248.33502000
2022-06-23,3.97990000,4.48000000,3.96060000,4.39120000,13364319.05000000,57162657.58749400,207865,6631670.43000000,28371664.14272100
2022-06-24,4.39220000,4.62070000,4.35000000,4.48710000,10164910.38000000,45568904.11820500,162085,5078361.84000000,22770874.01776100
2022-06-25,4.48830000,4.67800000,4.28580000,4.55600000,9554570.86000000,42761362.90660200,149381,4623043.16000000,20686111.18316900
2022-06-26,4.55580000,5.30500000,4.51390000,4.69670000,24961138.04000000,125598440.43081200,380335,12133658.28000000,61098342.54678800
2022-06-27,4.69530000,5.26130000,4.65360000,5.11930000,15601708.87000000,76475580.68516700,219738,7768902.38000000,38105002.88985200
2022-06-28,5.12000000,5.57690000,4.79370000,4.90140000,26569329.17000000,138450148.17389400,391137,12917756.69000000,67393980.10962900
2022-06-29,4.90270000,5.13510000,4.60730000,4.69820000,16829446.42000000,80978884.06186300,240707,8173429.59000000,39358380.57598500
2022-06-30,4.69950000,4.75830000,4.21550000,4.63850000,12348701.27000000,54300292.83751800,195256,6141404.29000000,27002559.05642900
2022-07-01,4.63490000,4.82590000,4.35130000,4.53200000,10353847.96000000,47069766.03018200,180277,5075523.51000000,23071544.96051300
2022-07-02,4.53450000,4.63380000,4.36240000,4.52020000,5513401.97000000,24674391.08194400,95813,2670815.67000000,11951781.97824200
2022-07-03,4.52040000,4.71000000,4.47110000,4.57230000,5535552.55000000,25394088.26865700,94654,2778981.09000000,12750903.60514700
2022-07-04,4.57170000,4.95000000,4.41000000,4.92260000,8003259.43000000,37130738.60293000,127575,4092351.05000000,18987775.03425100
2022-07-05,4.92430000,5.10000000,4.61380000,4.91630000,13261930.39000000,64741976.85793100,221714,6314060.93000000,30836085.89945000
2022-07-06,4.91630000,5.20000000,4.75760000,5.02270000,13503392.46000000,67093157.32595700,209690,6696209.69000000,33295249.96751500
2022-07-07,5.02140000,5.26000000,4.88820000,5.10740000,9380336.96000000,47699950.33654200,133480,4755394.00000000,24186964.66069900
2022-07-08,5.10910000,5.30760000,4.91410000,4.94570000,8044650.12000000,40728199.35529900,119837,3886410.52000000,19693854.69653400
2022-07-09,4.94610000,5.09620000,4.94510000,5.01200000,4209557.64000000,21149108.67319700,65118,2126423.59000000,10683951.74347000
2022-07-10,5.01220000,5.04810000,4.70000000,4.78330000,5077740.08000000,24626687.67003100,72307,2423800.10000000,11758415.73639400
2022-07-11,4.78610000,4.78610000,4.28190000,4.33660000,6444448.33000000,29388209.36020800,92211,3010361.50000000,13738247.33447400
2022-07-12,4.33670000,4.39500000,4.17480000,4.24170000,5661336.95000000,24304230.06963600,80706,2727188.87000000,11710788.23912300
2022-07-13,4.24280000,4.60060000,4.18750000,4.58130000,14031576.75000000,61781760.66989800,171797,7114915.00000000,31334502.65559100
2022-07-14,4.58120000,4.75770000,4.33390000,4.68720000,9366266.98000000,42600552.61649000,110979,4716588.38000000,21461545.88885600
2022-07-15,4.68750000,4.79560000,4.52650000,4.60280000,7395200.03000000,34587413.29149700,99782,3664290.44000000,17148838.67188500
2022-07-16,4.60300000,4.89000000,4.45000000,4.77020000,7686298.10000000,35922413.16635900,100730,3792124.63000000,17709581.49676100
2022-07-17,4.77000000,5.17340000,4.63840000,4.97240000,13206369.87000000,65530621.63476900,185796,6586134.04000000,32676578.54466700
2022-07-18,4.97310000,6.26530000,4.97220000,5.98760000,27141743.35000000,156016348.02658900,448037,13965953.04000000,80257837.44624800
2022-07-19,5.99280000,6.45730000,5.62650000,6.07870000,19316854.11000000,115994996.58769200,298298,9916588.86000000,59593885.37983900
2022-07-20,6.07900000,6.49990000,5.80710000,5.87230000,16523470.35000000,102098370.27557800,258334,8119127.20000000,50216185.32033700
2022-07-21,5.87050000,6.54990000,5.63910000,6.42120000,14176503.43000000,84700968.75869400,224890,7198633.02000000,43078733.54776500
2022-07-22,6.42090000,6.94280000,6.17380000,6.19300000,18915607.19000000,125711278.43234300,314665,9435314.93000000,62745766.59857300
2022-07-23,6.19220000,6.89070000,6.12810000,6.63740000,13791162.15000000,89009260.08315300,227988,7033317.25000000,45432166.97479300
2022-07-24,6.63940000,6.93940000,6.42220000,6.44780000,9255619.32000000,61086844.42024700,162441,4560879.77000000,30103819.47363800
2022-07-25,6.44800000,6.65810000,5.97580000,5.99700000,12066170.55000000,76034711.95413400,184894,6071547.60000000,38251487.42781800
2022-07-26,5.99920000,6.05630000,5.42710000,5.75630000,10001732.12000000,57455278.76284800,171731,4887350.87000000,28097200.82555800
2022-07-27,5.75600000,6.91480000,5.63420000,6.82290000,14845071.81000000,91283727.79221500,227509,7448303.87000000,45858956.18140900
2022-07-28,6.82430000,7.21310000,6.32710000,6.92260000,20027040.74000000,135726458.68061500,301449,9922132.46000000,67220008.04332700
2022-07-29,6.92440000,7.16660000,6.51430000,6.66970000,12270308.80000000,83941458.02852000,206764,6194269.31000000,42388376.48322100
2022-07-30,6.67130000,7.12300000,6.58000000,6.69060000,8923067.75000000,60840923.98103000,156445,4452243.03000000,30352693.02113300
2022-07-31,6.69350000,7.30000000,6.60420000,6.71750000,9133492.66000000,63325901.00416800,153583,4520894.32000000,31311002.25213300
2022-08-01,6.71750000,7.26490000,6.46420000,6.64230000,13668503.90000000,93821490.46779800,239402,6790414.27000000,46678822.40518600
2022-08-02,6.64140000,6.99380000,6.21000000,6.64070000,14238458.54000000,93826430.95372000,258593,7015867.26000000,46200057.12701700
2022-08-03,6.63860000,7.80000000,6.56250000,7.16570000,19645035.58000000,141626336.26915400,362052,9857177.39000000,71086618.37877200
2022-08-04,7.16830000,7.73130000,7.11320000,7.43740000,12643068.22000000,93766312.70251700,236671,6420283.10000000,47645262.04061900
2022-08-05,7.43540000,7.71000000,7.33420000,7.57100000,8660956.79000000,65021998.30375100,149213,4259145.64000000,31984048.96899600
2022-08-06,7.57380000,7.58550000,7.21400000,7.26260000,5113034.00000000,37973575.80677100,88317,2535623.07000000,18836445.87243700
2022-08-07,7.26490000,7.37510000,7.10000000,7.21060000,4543087.75000000,32989998.41535500,85705,2073897.26000000,15057963.89415600
2022-08-08,7.20880000,7.56470000,7.17820000,7.31570000,6551878.83000000,48272254.48869100,109414,3183428.74000000,23455836.70104100
2022-08-09,7.31360000,7.48180000,6.80930000,7.02260000,6977447.30000000,49886346.81621900,115491,3149180.88000000,22507090.74024900
2022-08-10,7.02360000,7.31900000,6.65090000,7.11090000,13750975.39000000,95608569.54791200,215319,6472014.56000000,45040200.70113400
2022-08-11,7.11410000,7.27940000,6.80000000,6.91790000,8747444.97000000,61675621.03351600,141902,4320333.61000000,30478486.41447500
2022-08-12,6.92060000,7.10000000,6.73300000,7.02900000,5568468.12000000,38437406.30690700,100327,2793647.42000000,19288336.25234000
2022-08-13,7.02780000,7.15220000,6.57940000,6.65310000,6862116.12000000,47298716.79419000,117009,3363107.80000000,23194870.22624200
2022-08-14,6.65250000,6.89480000,6.34300000,6.36930000,8526221.78000000,56479384.78233900,141409,4243955.04000000,28120948.68538500
2022-08-15,6.36960000,6.80550000,6.06550000,6.21430000,9668036.96000000,61989663.48409500,164200,4850314.54000000,31094735.68744300
2022-08-16,6.21210000,6.36160000,6.10600000,6.19700000,5751096.72000000,35834416.47437600,111448,2913434.71000000,18158308.12639400
2022-08-17,6.19600000,6.43880000,5.94000000,6.10900000,5303742.88000000,32901426.62049400,105127,2614131.18000000,16222174.80969800
2022-08-18,6.10800000,6.42800000,5.55560000,5.77100000,7948231.70000000,48823324.17824900,142922,3855267.58000000,23695750.20934800
2022-08-19,5.77100000,5.80300000,5.06900000,5.10600000,14978411.50000000,80479704.02377900,234240,7427400.23000000,39916067.16363500
2022-08-20,5.10800000,5.33600000,4.84330000,5.03400000,9418968.53000000,48384144.50391400,142498,4892289.83000000,25140732.92500800
2022-08-21,5.03400000,5.33300000,4.86500000,5.19200000,9357128.33000000,48022437.49256000,141735,4685420.89000000,24056501.51139000
2022-08-22,5.19100000,5.21800000,4.90200000,5.20600000,7636216.68000000,38665674.26198000,120955,3822424.04000000,19359153.59535000
2022-08-23,5.20700000,5.30800000,5.00600000,5.25000000,5391054.64000000,27985649.51190000,87805,2633563.77000000,13676056.27420000
2022-08-24,5.25100000,5.59600000,5.06300000,5.31100000,9009854.40000000,48415779.17357000,126181,4540252.61000000,24407886.75885000
2022-08-25,5.31100000,5.49600000,5.17600000,5.37600000,4937010.54000000,26404800.18953000,80399,2408604.64000000,12891416.81872000
2022-08-26,5.37400000,5.38500000,4.72200000,4.77500000,7778415.29000000,39584148.99652900,129535,3822918.65000000,19451719.08984000
2022-08-27,4.77300000,4.83800000,4.66100000,4.75400000,5595636.99000000,26600612.25546200,82207,2837281.10000000,13491770.98903000
2022-08-28,4.75400000,5.07100000,4.61500000,4.64900000,6424621.13000000,31100066.42261800,87720,3172681.93000000,15371759.36227000
2022-08-29,4.64900000,5.02600000,4.59300000,4.98300000,6354069.74000000,30662370.93293300,90131,3294159.64000000,15888352.86067000
2022-08-30,4.98300000,5.08400000,4.67300000,4.81100000,5371575.06000000,26208712.66003000,84878,2618250.74000000,12771345.67998000
2022-08-31,4.81100000,4.99900000,4.72400000,4.76000000,4136642.38000000,20181339.00384000,70858,2073398.58000000,10115174.82079000
2022-09-01,4.76100000,4.81000000,4.59600000,4.77000000,3709543.24000000,17472235.44514000,60404,1811444.09000000,8533469.52878000
2022-09-02,4.77000000,4.86700000,4.64200000,4.70400000,3939177.73000000,18779276.13939000,57925,1960631.42000000,9351455.68040000
2022-09-03,4.70200000,4.78900000,4.67000000,4.76000000,2216647.40000000,10478120.14901000,36381,1078385.55000000,5099012.53381000
2022-09-04,4.76000000,4.81600000,4.69700000,4.79800000,3371923.90000000,16058947.87735000,45723,1565391.40000000,7460535.58743000
2022-09-05,4.79800000,4.84400000,4.62700000,4.74800000,3020364.98000000,14252357.22472000,48814,1426187.78000000,6731199.73308000
2022-09-06,4.74900000,4.81400000,4.28300000,4.30300000,7605861.99000000,34790540.92314700,103869,3594816.58000000,16478057.44152000
2022-09-07,4.30200000,4.48200000,4.16500000,4.42200000,4583196.32000000,19840416.19100100,62770,2454362.52000000,10638375.67604000
2022-09-08,4.42400000,4.55000000,4.35000000,4.50100000,5561349.43000000,24828063.17586000,72279,2826688.57000000,12623459.55101000
2022-09-09,4.50100000,5.30000000,4.49400000,5.04700000,12424960.32000000,62674203.02477000,190247,6334769.69000000,31914252.78594000
2022-09-10,5.04800000,5.12200000,4.91700000,5.04800000,6253900.95000000,31380996.31912000,102077,3248192.51000000,16301626.58972000
2022-09-11,5.04900000,5.82700000,4.95600000,5.67800000,16400310.97000000,89900583.93974400,283157,8629824.32000000,47276211.72018400
2022-09-12,5.67700000,5.68400000,5.21900000,5.49000000,10677071.21000000,58325047.41845000,187160,5118776.00000000,28002881.44443000
2022-09-13,5.48900000,5.90000000,5.02100000,5.13500000,18918051.39000000,103922986.04619000,325135,9189094.82000000,50541023.79817000
2022-09-14,5.13700000,5.26300000,4.82100000,5.10300000,10014480.06000000,50672187.32023000,158267,4767108.52000000,24115386.16013000
2022-09-15,5.10300000,5.36300000,4.85500000,4.91100000,10887231.08000000,55189177.37298000,174977,5295338.00000000,26890735.37639000
2022-09-16,4.91300000,4.98100000,4.56100000,4.66400000,6807236.83000000,32364958.21215000,106117,3316335.93000000,15763487.15316000
2022-09-17,4.66400000,5.80000000,4.66200000,5.63100000,8842888.81000000,45796596.77284000,157511,4618704.13000000,23917761.42095000
2022-09-18,5.63200000,5.72400000,5.01500000,5.08300000,12553556.66000000,68232213.28824000,233416,6007752.29000000,32698196.08385000
2022-09-19,5.08400000,6.19700000,4.92900000,5.86900000,20412324.25000000,112575418.73417000,400286,10325913.32000000,56985910.83808000
2022-09-20,5.86800000,6.03300000,5.55000000,5.72400000,14199834.57000000,81759996.02170000,249400,6904836.34000000,39789140.02783000
2022-09-21,5.72900000,6.40000000,5.49500000,5.78900000,19633037.60000000,115716176.80965000,338922,9995536.00000000,58906216.45236000
2022-09-22,5.78800000,6.03400000,5.59200000,5.90800000,11305188.43000000,65762226.68984000,166293,5632801.86000000,32807017.45212000
2022-09-23,5.90800000,6.10500000,5.41700000,5.67900000,10893598.43000000,62099087.88668000,163672,5038288.68000000,28791217.11870000
2022-09-24,5.67900000,5.70900000,5.37000000,5.42100000,5848243.66000000,32650550.33466000,92343,2790268.99000000,15585539.24393000
2022-09-25,5.42200000,5.76300000,5.34300000,5.71900000,8247881.03000000,45595709.39499000,110689,4551170.57000000,25157835.65614000
2022-09-26,5.71900000,5.82900000,5.36000000,5.51400000,6857656.15000000,38119457.31121000,108616,3284802.00000000,18264577.68233000
2022-09-27,5.51400000,5.79500000,5.28800000,5.41400000,10408840.22000000,58421466.30265000,139977,5417981.01000000,30450656.31995000
2022-09-28,5.41600000,5.46900000,5.21500000,5.38000000,4604487.31000000,24638180.90354000,77506,2333665.16000000,12495595.90135000
2022-09-29,5.38000000,5.49700000,5.27600000,5.43700000,3674381.71000000,19763336.74927000,62745,1834957.32000000,9870478.77195000
2022-09-30,5.43800000,5.57600000,5.35000000,5.40700000,4320967.18000000,23567990.66860000,81193,2134527.90000000,11642428.40213000
2022-10-01,5.40800000,5.43800000,5.17600000,5.25000000,2677228.34000000,14241402.28258000,41291,1335681.43000000,7115272.55050000
2022-10-02,5.25000000,5.31900000,4.97000000,5.01000000,2994641.00000000,15395498.26467000,59389,1431930.28000000,7366378.35089000
2022-10-03,5.01200000,5.22000000,4.95100000,5.17700000,3777661.73000000,19239354.05829000,59324,1907123.75000000,9713519.74139000
2022-10-04,5.17600000,5.36200000,5.16600000,5.26200000,2813467.30000000,14804344.56791000,46311,1392247.49000000,7330966.36329000
2022-10-05,5.26200000,5.27700000,5.07100000,5.20300000,2687687.54000000,13892822.53135000,44950,1307440.70000000,6763059.16265000
2022-10-06,5.20100000,5.41900000,5.11700000,5.16400000,4294745.42000000,22640243.48609000,68534,2080228.66000000,10969841.98006000
2022-10-07,5.16300000,5.25000000,5.06600000,5.18100000,2806118.70000000,14490235.53975000,47322,1390066.53000000,7179333.38360000
2022-10-08,5.18000000,5.23400000,5.10900000,5.16500000,1269371.67000000,6570917.45103000,24288,616204.94000000,3190541.81380000
2022-10-09,5.16500000,5.31300000,5.13900000,5.26400000,1718516.38000000,8983207.44263000,32635,865399.60000000,4523580.34290000
2022-10-10,5.26400000,5.35400000,5.11700000,5.13400000,2786565.77000000,14545227.65788000,50418,1292966.72000000,6751557.62224000
2022-10-11,5.13400000,5.17000000,4.61000000,4.69400000,11726020.38000000,56830701.95464000,145400,5070276.58000000,24654377.81571000
2022-10-12,4.69300000,4.77700000,4.62300000,4.71500000,4503650.42000000,21176730.48531000,64849,2147592.39000000,10114802.80127000
2022-10-13,4.71500000,4.73800000,4.12300000,4.55000000,9273621.37000000,41067112.47998700,125171,4393494.42000000,19449534.93600000
2022-10-14,4.55000000,4.76100000,4.43600000,4.51300000,4470332.85000000,20625225.68560000,62128,2210920.06000000,10221354.00593000
2022-10-15,4.51200000,4.55900000,4.40800000,4.44000000,2126361.68000000,9560705.05237000,33071,1061000.09000000,4772781.56868000
2022-10-16,4.43900000,4.58400000,4.42700000,4.51100000,2359297.57000000,10627995.64333000,32358,1264228.71000000,5693864.02628000
2022-10-17,4.51100000,4.58800000,4.47600000,4.56000000,1861313.35000000,8428669.81632000,30074,928886.64000000,4207429.28780000
2022-10-18,4.56000000,4.63000000,4.31700000,4.41600000,3374992.68000000,15089620.52079000,46601,1717178.61000000,7683649.98503000
2022-10-19,4.41600000,4.42500000,4.23100000,4.25600000,2553964.81000000,11100806.63131000,35773,1230570.45000000,5351450.33720000
2022-10-20,4.25800000,4.37000000,4.13600000,4.20300000,2668433.60000000,11353762.23058000,40321,1281980.27000000,5459101.26514000
2022-10-21,4.20300000,4.54200000,3.97500000,4.45600000,7848985.16000000,33780440.26356000,92586,4103145.61000000,17701963.86597000
2022-10-22,4.45500000,4.60000000,4.41100000,4.47400000,3056009.68000000,13719514.74388000,52868,1443189.15000000,6486335.51293000
2022-10-23,4.47500000,4.68700000,4.43500000,4.63600000,2644208.18000000,12052390.46577000,45361,1455995.24000000,6634200.33806000
2022-10-24,4.63600000,4.69800000,4.48000000,4.50700000,2911572.70000000,13306380.41926000,44916,1384794.66000000,6332445.16348000
2022-10-25,4.50700000,4.99800000,4.43500000,4.73700000,5227827.55000000,24726775.65733000,87875,2577429.54000000,12196375.70643000
2022-10-26,4.73600000,4.81700000,4.62200000,4.69600000,3132256.17000000,14812587.74599000,58472,1536915.78000000,7271262.50384000
2022-10-27,4.69400000,5.05000000,4.57000000,4.61000000,5204026.21000000,25025769.07980000,98084,2713971.05000000,13074520.02228000
2022-10-28,4.61000000,5.11000000,4.54000000,4.97200000,5616867.71000000,27098672.01027000,93686,2864367.92000000,13859191.29792000
2022-10-29,4.97200000,5.12600000,4.83800000,4.92300000,5850799.49000000,29363710.28395000,96380,2875738.77000000,14444741.09827000
2022-10-30,4.92400000,5.14200000,4.70700000,4.79400000,4912944.52000000,24175182.09666000,78600,2455564.13000000,12095833.51720000
2022-10-31,4.79400000,4.88300000,4.63600000,4.72800000,4548769.73000000,21599535.68793000,69792,2382922.80000000,11315689.52569000
2022-11-01,4.72700000,4.78300000,4.44400000,4.50300000,3576295.73000000,16593452.78340000,60906,1656468.89000000,7685357.64949000
2022-11-02,4.50400000,4.52900000,4.15100000,4.22800000,6596756.96000000,28633201.22781000,105860,3310684.70000000,14385756.51870000
2022-11-03,4.22800000,4.57500000,4.21400000,4.35500000,5343756.98000000,23533293.51862000,80827,2699703.51000000,11886566.09736000
2022-11-04,4.35500000,4.77000000,4.30900000,4.72600000,6106616.37000000,28045672.04855000,105954,3108590.27000000,14279049.28727000
2022-11-05,4.72800000,5.25000000,4.69900000,5.12200000,11758747.60000000,58452368.31255000,187960,6491921.04000000,32273877.38160000
2022-11-06,5.12200000,5.24000000,4.72400000,4.73700000,7354099.71000000,36916521.28714000,124829,3847112.86000000,19321145.89634000
2022-11-07,4.73600000,4.83600000,4.52700000,4.60200000,7302334.32000000,34066749.38975000,106475,3894636.24000000,18190317.41670000
2022-11-08,4.60100000,4.65000000,3.20000000,3.91600000,16651382.15000000,67698404.80358100,281594,8149265.99000000,33156820.88994000
2022-11-09,3.91600000,3.93400000,2.79300000,2.89100000,17960694.23000000,62546129.38770400,282364,8369419.84000000,29179477.10735100
2022-11-10,2.89100000,3.65900000,2.82900000,3.52300000,15330279.12000000,51299204.04919000,218363,7404275.27000000,24724169.30327000
2022-11-11,3.52400000,3.53400000,2.90000000,3.21000000,13975029.08000000,43951221.54917000,164626,6636848.02000000,21003203.96674000
2022-11-12,3.21100000,3.21200000,2.84300000,2.89000000,8972956.41000000,26809118.26573000,131571,4688095.32000000,14001847.21260000
2022-11-13,2.89100000,3.04200000,2.80000000,2.88600000,8446748.79000000,24677783.60929000,131920,4168893.70000000,12191007.68671000
2022-11-14,2.88600000,3.10400000,2.61800000,3.00000000,12670617.22000000,35906396.85780700,186607,6256781.34000000,17745664.36575000
2022-11-15,3.00000000,3.09000000,2.89100000,2.93900000,6894233.13000000,20490864.84390000,108920,3246824.62000000,9649117.67499000
2022-11-16,2.93900000,3.07800000,2.82000000,2.98000000,5912354.75000000,17489954.75288000,97767,3024326.54000000,8950411.91050000
2022-11-17,2.98000000,3.03700000,2.82600000,2.87800000,3230939.43000000,9410771.95858000,55380,1658717.09000000,4832434.47775000
2022-11-18,2.87900000,3.23600000,2.87500000,3.16700000,7951916.13000000,24609325.33790000,116224,4276537.51000000,13219723.00166000
2022-11-19,3.16700000,3.40000000,3.04100000,3.31700000,7144398.43000000,22640891.77571000,107731,3717012.40000000,11775221.39104000
2022-11-20,3.31600000,3.35800000,2.94100000,3.03700000,5957149.58000000,18895354.44975000,98737,2828982.01000000,8971973.76494000
2022-11-21,3.03600000,3.20300000,2.90500000,3.15900000,8788012.52000000,26838170.15938000,142903,4602565.07000000,14053025.52529000
2022-11-22,3.15900000,3.28200000,2.84500000,3.27000000,9379103.09000000,29097508.00527000,143875,4512592.34000000,14017425.78987000
2022-11-23,3.27000000,3.50000000,3.14500000,3.45300000,8364229.66000000,27781657.69552000,128115,4299857.74000000,14299334.13083000
2022-11-24,3.45200000,3.47300000,3.23300000,3.32400000,5935962.32000000,19935772.14951000,95695,2995669.02000000,10074283.64845000
2022-11-25,3.32500000,3.33800000,3.17700000,3.23200000,3665723.96000000,11887104.74670000,58923,1767746.71000000,5735148.57914000
2022-11-26,3.23200000,3.64600000,3.21900000,3.56600000,8828829.62000000,30546933.91161000,124774,4429280.07000000,15305110.62586000
2022-11-27,3.56500000,4.11800000,3.53200000,3.83600000,11117248.45000000,42382041.68308000,172002,5693648.64000000,21710184.10936000
2022-11-28,3.83600000,4.26000000,3.51900000,4.05900000,16593286.36000000,64988119.85623000,261009,8139347.71000000,31989014.27863000
2022-11-29,4.05900000,4.23900000,3.99700000,4.07700000,10166955.31000000,41664359.38549000,144883,5276800.21000000,21643277.44373000
2022-11-30,4.07700000,4.48300000,3.92000000,4.09600000,13957110.05000000,57551178.87108000,189780,7052000.24000000,29076475.60175000
2022-12-01,4.09400000,4.10200000,3.85300000,3.89300000,5456112.62000000,21516094.03681000,81406,2600571.16000000,10257876.26570000
2022-12-02,3.89300000,4.05300000,3.77800000,3.96600000,5260186.80000000,20624761.21506000,75949,2662903.80000000,10443944.72679000
2022-12-03,3.96600000,4.04500000,3.86400000,3.87100000,4419526.49000000,17502061.61116000,60434,2210428.62000000,8757795.78260000
2022-12-04,3.87100000,4.05000000,3.86700000,3.98900000,5264559.45000000,20908366.13067000,61427,2809456.81000000,11161142.48860000
2022-12-05,3.98800000,4.36600000,3.89100000,3.94800000,8458201.87000000,34671396.38940000,110352,4179255.91000000,17147773.74479000
2022-12-06,3.94700000,4.34000000,3.91700000,4.18600000,7535797.61000000,30973615.34575000,105174,4024272.72000000,16539983.23861000
2022-12-07,4.18500000,4.19800000,3.85000000,3.90500000,8056329.15000000,31955929.44358000,96632,3830026.55000000,15215639.27500000
2022-12-08,3.90500000,3.96700000,3.75100000,3.95600000,5474686.55000000,21172256.87954000,65552,2588815.38000000,10016561.49195000
2022-12-09,3.95700000,4.03400000,3.87000000,3.90800000,4016940.81000000,15882421.07110000,50686,2045506.10000000,8088469.91968000
2022-12-10,3.90700000,4.16100000,3.89300000,4.08300000,6088755.60000000,24674685.39238000,68619,3100844.06000000,12563592.59630000
2022-12-11,4.08400000,4.58700000,4.03000000,4.29500000,11297087.38000000,48198520.70825000,128435,5956787.25000000,25416136.22263000
2022-12-12,4.29300000,4.46000000,4.15600000,4.40600000,11353931.64000000,48932079.16330000,155629,6119264.64000000,26389227.59871000
2022-12-13,4.40600000,4.50000000,3.90900000,4.08200000,10990145.74000000,45095359.93434000,147637,5514737.51000000,22616355.06762000
2022-12-14,4.08200000,4.14200000,3.95000000,4.03000000,6229461.69000000,25306076.33938000,95068,3229479.85000000,13123769.60251000
2022-12-15,4.03000000,4.08000000,3.92500000,3.97600000,5164259.62000000,20677831.86268000,61855,2517495.89000000,10078709.88355000
2022-12-16,3.97600000,4.05900000,3.39000000,3.44900000,6695073.00000000,25384198.97029000,87014,3285277.81000000,12455444.88743000
2022-12-17,3.44800000,3.57200000,3.25400000,3.55600000,4313329.14000000,14744314.84725000,57002,2250772.55000000,7699434.98630000
2022-12-18,3.55600000,3.57900000,3.42600000,3.48000000,3393023.41000000,11852952.15467000,39619,1676184.09000000,5855741.16068000
2022-12-19,3.47900000,3.59100000,3.32600000,3.41900000,4123851.94000000,14338184.62286000,55526,2063405.92000000,7175836.28687000
2022-12-20,3.41800000,3.59600000,3.38000000,3.52500000,4325031.55000000,15253046.70933000,51233,2291800.47000000,8086863.70989000
2022-12-21,3.52600000,3.58600000,3.45600000,3.57200000,3676280.31000000,12995494.18954000,41697,2062104.07000000,7288375.21550000
2022-12-22,3.57100000,3.67900000,3.48000000,3.60400000,3617691.02000000,13001163.75791000,44343,1932291.91000000,6947099.75486000
2022-12-23,3.60400000,3.71500000,3.52500000,3.56900000,3097451.87000000,11216244.68428000,37093,1617505.86000000,5859579.94546000
2022-12-24,3.56900000,3.64700000,3.54900000,3.61200000,2324792.01000000,8385720.22719000,24690,1241370.77000000,4477001.48594000
2022-12-25,3.61300000,3.62300000,3.54000000,3.59300000,1993709.61000000,7137196.16699000,26213,1016972.58000000,3640506.20858000
2022-12-26,3.59200000,3.61500000,3.53300000,3.59200000,1557474.17000000,5586062.14977000,18375,751494.69000000,2696808.84101000
2022-12-27,3.59400000,3.65600000,3.57400000,3.65400000,3010211.74000000,10886017.55711000,27551,1573374.99000000,5689990.22830000
2022-12-28,3.65300000,3.67500000,3.53900000,3.62000000,4424359.50000000,15996410.59376000,42384,2324979.63000000,8406320.93545000
2022-12-29,3.62000000,3.66200000,3.56500000,3.61900000,2886992.05000000,10441931.41559000,30755,1495481.39000000,5410623.92879000
2022-12-30,3.61900000,3.64600000,3.56200000,3.60300000,2401684.17000000,8659490.21784000,23693,1353731.16000000,4881225.68769000
2022-12-31,3.60300000,3.65000000,3.59000000,3.63600000,970996.11000000,3515957.62870000,11652,562057.15000000,2035459.19894000
2023-01-01,3.63600000,4.05000000,3.61500000,3.86800000,3330633.68000000,12634845.77923000,39405,1900599.06000000,7198480.88464000
2023-01-02,3.86800000,3.98800000,3.79500000,3.95600000,3456790.02000000,13428044.45141000,38400,1926397.46000000,7483519.33524000
2023-01-03,3.95500000,4.04500000,3.87100000,4.00600000,2853850.83000000,11319056.92837000,36334,1524160.76000000,6048001.56461000
2023-01-04,4.00600000,4.20000000,3.99000000,4.05600000,4784314.20000000,19684105.40563000,58728,2606183.60000000,10721440.00934000
2023-01-05,4.05600000,4.10600000,3.96500000,4.00600000,2893622.94000000,11676674.29564000,34858,1510476.03000000,6096697.34660000
2023-01-06,4.00800000,4.06400000,3.88400000,4.04000000,2457026.88000000,9760292.64167000,32253,1333901.20000000,5301808.48241000
2023-01-07,4.04100000,4.24800000,4.01700000,4.16500000,3272822.50000000,13503158.41649000,40961,1726220.82000000,7119478.04797000
2023-01-08,4.16400000,4.49500000,4.07800000,4.44900000,5418298.54000000,23193095.57032000,62796,2835122.08000000,12132529.08223000
2023-01-09,4.44900000,5.00000000,4.36600000,4.60300000,12953915.53000000,60742102.13865000,166552,6729772.95000000,31591673.60940000
2023-01-10,4.60300000,5.10000000,4.46500000,4.91300000,10166303.76000000,49095094.63577000,142691,5262472.38000000,25425670.15662000
2023-01-11,4.91300000,5.19700000,4.71000000,4.97900000,8447225.54000000,41382729.86681000,116940,4308020.00000000,21119762.71756000
2023-01-12,4.98200000,5.08000000,4.49900000,4.84800000,15192753.14000000,72561270.69785000,215141,7915042.84000000,37862315.50971000
2023-01-13,4.84800000,4.99500000,4.69100000,4.95000000,8763020.02000000,42435627.46380000,123755,4743028.07000000,22992510.54466000
2023-01-14,4.95100000,5.54500000,4.91400000,5.19500000,14575798.09000000,75427185.78645000,236088,7939051.68000000,41107439.12094000
2023-01-15,5.19400000,5.30700000,4.92000000,5.13700000,6441089.73000000,32921834.74586000,112251,3403597.77000000,17411685.99072000
2023-01-16,5.14100000,5.32600000,4.79200000,4.97800000,7395318.68000000,37403482.95122000,120746,3785245.79000000,19180243.46531000
2023-01-17,4.97900000,5.12800000,4.85400000,4.89900000,4467452.65000000,22317297.32406000,72184,2301499.66000000,11503476.33661000
2023-01-18,4.89700000,4.93100000,4.47500000,4.50500000,5847758.73000000,27749848.81813000,92919,2952590.78000000,14046207.57790000
2023-01-19,4.50400000,4.84100000,4.50200000,4.83400000,3339952.51000000,15556410.48329000,57709,1692412.52000000,7882118.54170000
2023-01-20,4.83400000,5.24600000,4.79200000,5.19200000,5367992.42000000,26864308.78068000,82787,2824617.08000000,14144478.24069000
2023-01-21,5.19200000,6.00000000,5.06100000,5.51100000,10937765.83000000,60329480.55918000,179869,5496505.17000000,30298668.62195000
2023-01-22,5.51100000,5.87000000,5.37800000,5.54300000,7700267.40000000,43021441.23871000,132260,4069638.54000000,22739533.28073000
2023-01-23,5.54300000,5.96200000,5.53600000,5.60700000,5962498.01000000,34210896.04502000,106397,3024838.24000000,17355347.99661000
2023-01-24,5.60900000,5.94900000,5.31200000,5.46000000,5964964.43000000,34139441.39276000,109797,3073343.32000000,17610762.93207000
2023-01-25,5.45900000,6.23300000,5.29000000,6.03300000,9943950.60000000,58108482.73364000,175210,5146379.10000000,30081564.97966000
2023-01-26,6.03500000,6.41800000,5.93700000,6.09500000,7394788.05000000,45162973.96065000,139875,3728529.21000000,22779415.54870000
2023-01-27,6.09600000,6.40600000,5.87300000,6.29100000,6308314.92000000,39368230.74856000,138748,3257952.81000000,20349532.98381000
2023-01-28,6.28900000,6.37100000,5.93900000,6.04600000,4694773.58000000,28843445.20035000,90949,2130479.64000000,13109021.70047000
2023-01-29,6.04500000,6.31300000,5.94400000,6.23300000,3688147.00000000,22668427.43516000,79107,1783457.45000000,10959580.51129000
2023-01-30,6.23300000,6.31300000,5.66600000,5.81000000,4589547.54000000,27704550.15449000,102375,2168985.86000000,13134130.06580000
2023-01-31,5.81000000,5.97800000,5.74300000,5.86600000,2804731.55000000,16392077.98503000,63535,1394952.97000000,8146584.06860000
2023-02-01,5.87000000,6.15400000,5.50800000,6.05300000,4175626.03000000,24418599.29178000,90682,2060791.85000000,12052666.33673000
2023-02-02,6.05300000,6.28200000,5.82300000,5.88200000,4555109.95000000,27929723.24219000,95851,2212708.88000000,13572386.83804000
2023-02-03,5.88400000,6.02100000,5.80200000,5.95800000,2517112.47000000,14872466.04624000,60585,1178576.07000000,6967435.25878000
2023-02-04,5.96000000,6.02100000,5.85600000,5.89700000,3130160.37000000,18634154.83415000,54209,1630737.76000000,9712088.44388000
2023-02-05,5.89700000,5.93500000,5.58600000,5.79500000,2677616.88000000,15422381.62819000,61069,1286197.18000000,7399638.81572000
2023-02-06,5.79400000,5.81000000,5.56800000,5.60000000,2057129.29000000,11725569.08497000,47482,1026069.87000000,5851343.72436000
2023-02-07,5.60000000,5.98000000,5.57000000,5.96200000,4381014.84000000,25085155.38503000,79445,2274447.28000000,13028065.94606000
2023-02-08,5.96200000,6.14700000,5.65000000,5.74700000,4360564.06000000,25811948.30723000,81274,2067185.29000000,12244963.13167000
2023-02-09,5.74800000,5.80800000,4.90000000,5.07100000,4864812.83000000,26654030.96884000,96557,2353834.37000000,12925540.19267000
2023-02-10,5.07200000,5.49900000,4.92300000,5.07000000,3525644.24000000,17825332.40424000,69801,1847782.68000000,9345732.20185000
2023-02-11,5.07000000,5.42000000,5.01400000,5.34800000,3299957.10000000,17147787.65070000,55642,1751101.74000000,9094084.73804000
2023-02-12,5.34900000,5.40900000,5.08900000,5.22600000,3628073.93000000,19180428.99986000,58045,1862028.04000000,9848247.08344000
2023-02-13,5.22900000,5.40600000,4.75700000,5.00200000,5844990.52000000,29690941.96794000,94583,3035882.59000000,15429617.07627000
2023-02-14,5.00400000,5.25400000,4.94300000,5.24200000,4024753.33000000,20476703.23745000,68237,2107339.81000000,10726892.35309000
2023-02-15,5.24200000,5.67900000,5.17600000,5.62200000,3917005.47000000,21190018.60767000,68639,2075880.03000000,11214297.20166000
2023-02-16,5.62200000,5.81600000,5.15200000,5.16300000,4785743.56000000,26784733.26025000,103133,2452129.33000000,13770530.68880000
2023-02-17,5.16200000,5.69700000,5.15600000,5.51300000,4111621.28000000,22227648.37010000,77664,2061060.12000000,11161854.29628000
2023-02-18,5.51400000,5.85000000,5.51400000,5.65400000,3118672.04000000,17563878.63035000,55821,1639574.86000000,9243720.04878000
2023-02-19,5.65300000,5.78900000,5.50000000,5.59000000,2641283.43000000,14927797.51834000,59349,1301999.94000000,7364504.24188000
2023-02-20,5.58600000,5.95900000,5.45000000,5.87700000,3371648.56000000,19561108.35724000,83737,1761200.78000000,10220508.22740000
2023-02-21,5.87800000,5.92800000,5.44300000,5.55800000,3165287.30000000,18125972.28517000,91185,1488631.82000000,8541032.72255000
2023-02-22,5.55800000,5.61000000,5.25000000,5.52200000,3123060.36000000,17029406.46649000,87929,1555588.24000000,8494567.82517000
2023-02-23,5.52300000,5.65100000,5.39900000,5.44800000,2086719.41000000,11589622.89245000,58099,1092599.95000000,6068204.21984000
2023-02-24,5.45200000,5.59300000,5.01100000,5.18000000,2781960.85000000,14811570.84567000,80296,1440916.64000000,7689628.46013000
2023-02-25,5.17900000,5.19500000,4.85000000,5.03900000,3282861.34000000,16495974.76397000,69148,1733104.90000000,8710322.26694000
2023-02-26,5.03700000,5.30800000,5.00300000,5.25800000,1763229.30000000,9095343.46480000,45542,934963.02000000,4817158.15684000
2023-02-27,5.25700000,5.28800000,4.97400000,5.06100000,2094028.96000000,10746026.72484000,59905,1023574.30000000,5244895.78898000
2023-02-28,5.06100000,5.19100000,4.91800000,5.01000000,2351404.35000000,11883211.38948000,57110,1230521.71000000,6218762.92261000
2023-03-01,5.01000000,5.21800000,4.97000000,5.07800000,2317159.23000000,11870663.99480000,58133,1113997.22000000,5709075.74437000
2023-03-02,5.07800000,5.11100000,4.91700000,4.99300000,1923018.05000000,9592200.32466000,43300,921802.43000000,4600011.64367000
2023-03-03,4.99300000,4.99900000,4.55900000,4.80100000,3547752.57000000,16936604.56346000,90548,1819956.17000000,8678674.07255000
2023-03-04,4.80000000,4.85800000,4.57700000,4.74600000,1823815.86000000,8703118.14145000,42663,1011384.05000000,4830825.79318000
2023-03-05,4.74800000,4.90900000,4.69200000,4.76900000,1741868.31000000,8411939.80542000,49598,852372.80000000,4117772.89921000
2023-03-06,4.76800000,4.88000000,4.73800000,4.80700000,1469447.65000000,7071664.80739000,41443,711750.17000000,3425809.52284000
2023-03-07,4.80700000,4.87800000,4.54600000,4.73400000,2411015.37000000,11313626.40659000,63368,1228481.25000000,5765842.55662000
2023-03-08,4.73600000,4.74900000,4.30400000,4.35700000,2513831.63000000,11430902.92618000,57137,1227471.86000000,5578573.74248000
2023-03-09,4.35600000,4.51400000,3.82200000,3.98700000,4541243.15000000,19043268.41185000,93561,2187366.43000000,9166793.11046000
2023-03-10,3.98800000,4.08300000,3.79800000,4.03300000,4370091.51000000,17308575.38944000,97654,2123038.28000000,8422990.03568000
2023-03-11,4.03500000,4.14000000,3.59100000,3.77500000,4606935.85000000,17453796.30156000,105662,2226429.04000000,8444107.26116000
2023-03-12,3.77500000,4.52800000,3.73300000,4.51300000,5229284.52000000,20936143.18374000,115490,2577610.77000000,10326472.48606000
2023-03-13,4.51300000,4.69800000,4.19500000,4.46300000,7228760.18000000,32190277.90670000,156249,3407576.85000000,15152179.31432000
2023-03-14,4.46400000,4.66500000,4.14300000,4.27000000,6655406.91000000,29543458.73102000,140650,3356831.69000000,14942082.48949000
2023-03-15,4.26900000,4.44900000,4.00000000,4.09600000,6702815.55000000,28300418.14954000,141867,3178710.51000000,13426117.25727000
2023-03-16,4.09600000,4.37400000,4.01500000,4.11200000,5711489.09000000,23773970.71144000,155364,2957267.71000000,12314271.13171000
2023-03-17,4.11100000,4.47300000,4.07400000,4.43400000,6457470.97000000,27530162.76288000,168967,3190301.75000000,13597349.53403000
2023-03-18,4.43400000,4.62600000,4.21000000,4.25100000,5788755.69000000,25743297.87642000,147376,2801682.22000000,12475409.23005000
2023-03-19,4.25000000,4.43000000,4.22400000,4.27900000,3166986.23000000,13728939.21657000,75540,1600200.43000000,6937153.48402000
2023-03-20,4.27800000,4.37400000,4.02000000,4.05800000,4676588.07000000,19515204.01023000,109179,2395453.23000000,10007952.26263000
2023-03-21,4.05700000,4.21600000,3.91400000,4.13000000,3479995.08000000,14205423.75064000,96266,1749800.67000000,7146168.65830000
2023-03-22,4.13000000,4.13500000,3.81100000,3.98900000,4976622.01000000,20010849.58481000,116254,2477505.52000000,9958455.47985000
2023-03-23,3.98900000,4.36000000,3.97500000,4.16200000,3621488.35000000,14785968.70638000,79942,1925040.99000000,7875645.16274000
2023-03-24,4.16100000,4.21500000,3.92700000,4.08800000,3573725.55000000,14601050.54697000,66202,1859950.54000000,7599856.47064000
2023-03-25,4.09100000,4.30000000,3.93200000,4.00300000,4033439.26000000,16627069.72066000,84096,2270885.85000000,9351424.84914000
2023-03-26,4.00200000,4.20000000,3.97800000,4.10800000,2598607.38000000,10724090.32899000,65949,1257977.60000000,5189845.08194000
2023-03-27,4.10800000,4.11700000,3.79600000,3.91400000,4860043.10000000,19188042.90331000,74568,2419043.53000000,9566180.05625000
2023-03-28,3.91400000,4.15000000,3.87500000,4.07000000,4465792.99000000,18097496.47739000,74394,2201859.59000000,8914171.36344000
2023-03-29,4.07200000,4.30000000,4.05700000,4.11000000,4107479.81000000,17016304.20425000,70805,2168920.44000000,8994601.08741000
2023-03-30,4.11000000,4.20000000,3.98500000,4.05700000,3641661.00000000,14862695.58396000,59213,1958326.18000000,7997575.48169000
2023-03-31,4.05800000,4.20700000,4.03900000,4.18000000,3442970.06000000,14236888.66061000,54565,1669169.03000000,6897199.99602000
2023-04-01,4.17800000,4.28500000,4.16300000,4.25700000,2780001.17000000,11738123.68046000,45470,1432908.16000000,6051494.44280000
2023-04-02,4.25800000,4.39400000,4.07400000,4.18400000,4029217.51000000,17085400.87343000,72083,2065831.39000000,8763299.07450000
2023-04-03,4.18400000,4.39000000,4.04000000,4.26200000,7727650.17000000,32612169.82301000,128556,3807263.40000000,16068921.66783000
2023-04-04,4.26300000,4.35700000,4.15800000,4.23400000,4621934.48000000,19782575.74835000,71632,2424831.87000000,10375342.04527000
2023-04-05,4.23500000,4.37000000,4.16300000,4.23200000,4085891.43000000,17444069.28747000,62844,2047912.07000000,8736504.51447000
2023-04-06,4.23200000,4.23900000,4.14400000,4.22900000,2579201.72000000,10812396.98930000,48646,1328601.65000000,5570221.17764000
2023-04-07,4.22800000,4.34500000,4.13800000,4.20400000,4621288.11000000,19595867.22128000,81128,2389576.05000000,10139894.41968000
2023-04-08,4.20400000,4.32200000,4.17600000,4.19600000,2836636.64000000,11997463.28551000,48797,1408375.57000000,5956430.73676000
2023-04-09,4.19600000,4.22400000,4.14500000,4.19000000,1543165.23000000,6458637.96223000,26618,848303.91000000,3550921.05717000
2023-04-10,4.19100000,4.33800000,4.16200000,4.32800000,2994951.33000000,12695122.61356000,47819,1584982.84000000,6720208.78029000
2023-04-11,4.32700000,4.40000000,4.29300000,4.34000000,3559083.01000000,15457583.15255000,53751,1809041.23000000,7858442.41346000
2023-04-12,4.34000000,4.75000000,4.17000000,4.49600000,14100325.91000000,62541205.67302000,222240,7129343.29000000,31636209.27219000
2023-04-13,4.49600000,4.60000000,4.41000000,4.47400000,6307478.57000000,28203503.21428000,80763,3053625.90000000,13662152.29818000
2023-04-14,4.47200000,4.67400000,4.36900000,4.56500000,6040004.87000000,27443451.68541000,90647,2930187.28000000,13312531.58821000
2023-04-15,4.56400000,4.56800000,4.46300000,4.54300000,2472987.65000000,11185327.63904000,34930,1171464.33000000,5298661.63365000
2023-04-16,4.54200000,4.56000000,4.44500000,4.52800000,2390222.75000000,10758657.80359000,38591,1106245.21000000,4979356.67195000
2023-04-17,4.52800000,4.59600000,4.36400000,4.48800000,5393818.94000000,24241891.70739000,80394,2575911.89000000,11576385.18211000
2023-04-18,4.48800000,4.57000000,4.41400000,4.50200000,4172413.46000000,18790613.68302000,58206,1888997.11000000,8514035.89747000
2023-04-19,4.50300000,4.50600000,4.07000000,4.14400000,6196832.23000000,26468111.74444000,92382,2747065.13000000,11748325.18399000
2023-04-20,4.14400000,4.22400000,4.01100000,4.07500000,3908579.26000000,16151247.84600000,73985,1870837.96000000,7733299.31918000
2023-04-21,4.07500000,4.10100000,3.84400000,3.89200000,3482932.07000000,13916125.70971000,64377,1632039.30000000,6521528.53066000
2023-04-22,3.89000000,3.98100000,3.85000000,3.96300000,2383731.81000000,9295144.90549000,49396,1189659.19000000,4640390.80074000
2023-04-23,3.96300000,4.04200000,3.89600000,3.96300000,2575869.00000000,10217239.89762000,51421,1275477.75000000,5061748.79889000
2023-04-24,3.96200000,4.03000000,3.89000000,3.95500000,2190973.76000000,8696355.76037000,41122,1001257.63000000,3975221.05044000
2023-04-25,3.95800000,4.01300000,3.83600000,4.00200000,2403751.64000000,9415913.34773000,39422,1194307.51000000,4679984.03529000
2023-04-26,4.00200000,4.13900000,3.77700000,3.91500000,4458669.15000000,17867067.10551000,64878,2115878.23000000,8466904.57729000
2023-04-27,3.91500000,4.16500000,3.90300000,4.09300000,3633384.83000000,14768213.79622000,78139,1800267.97000000,7318112.33378000
2023-04-28,4.09100000,4.09500000,3.96100000,4.03200000,1581997.47000000,6384647.43638000,27542,889703.36000000,3591060.98139000
2023-04-29,4.03200000,4.11000000,4.01900000,4.07500000,1192303.60000000,4855283.00187000,28969,692013.13000000,2818268.75083000
2023-04-30,4.07400000,4.09100000,3.87500000,3.88200000,1874296.79000000,7487587.66294000,50945,1055155.09000000,4214465.78861000
2023-05-01,3.88200000,3.92300000,3.78400000,3.86200000,2660422.61000000,10237617.94457000,63230,1140391.23000000,4389833.19343000
2023-05-02,3.86100000,3.88200000,3.81000000,3.82600000,1468160.21000000,5639872.11577000,29681,759850.32000000,2919747.01927000
2023-05-03,3.82500000,3.87900000,3.75200000,3.86800000,1902564.95000000,7244196.72630000,34610,984636.97000000,3751146.17387000
2023-05-04,3.86900000,3.89900000,3.76600000,3.77700000,2406316.67000000,9233902.12101000,34606,1165771.40000000,4471948.66658000
2023-05-05,3.77700000,3.83800000,3.69600000,3.79400000,1857753.31000000,7028194.69542000,39167,822146.47000000,3112021.37115000
2023-05-06,3.79400000,3.81800000,3.51000000,3.57600000,2388473.78000000,8685272.49654000,52171,1032620.46000000,3753661.25889000
2023-05-07,3.57600000,3.63400000,3.52100000,3.54400000,1577872.49000000,5655281.66668000,29096,703192.18000000,2519944.05752000
2023-05-08,3.54500000,3.57600000,3.22700000,3.36600000,4918018.74000000,16845829.47893000,81896,2340587.24000000,8017961.24211000
2023-05-09,3.36700000,3.38600000,3.29600000,3.34100000,1918473.76000000,6412610.24704000,29602,962175.30000000,3216659.41794000
2023-05-10,3.34100000,3.39200000,3.16300000,3.33900000,5403356.79000000,17904078.01972000,85796,2728110.45000000,9045940.77674000
2023-05-11,3.33900000,3.34200000,3.10000000,3.21700000,5691296.34000000,18432290.15875000,79210,3025436.94000000,9810090.33164000
2023-05-12,3.21600000,3.33100000,3.12400000,3.31200000,3415535.49000000,10979891.19460000,60476,1740583.66000000,5599189.99197000
2023-05-13,3.31100000,3.36000000,3.22100000,3.25500000,2177546.58000000,7157641.09547000,39710,1117183.34000000,3672589.18106000
2023-05-14,3.25600000,3.39000000,3.22000000,3.30600000,2353527.23000000,7801035.08206000,33190,1219127.01000000,4036027.79631000
2023-05-15,3.30500000,3.42300000,3.27600000,3.36400000,3109392.87000000,10407795.23193000,41579,1559329.55000000,5218661.32926000
2023-05-16,3.36400000,3.45900000,3.32700000,3.42400000,2456735.64000000,8367936.05015000,37378,1196962.87000000,4077234.69353000
2023-05-17,3.42400000,3.48600000,3.33400000,3.41800000,4622307.00000000,15780224.56387000,54855,2190196.55000000,7488042.37258000
2023-05-18,3.42000000,3.45000000,3.32100000,3.39100000,3297029.33000000,11205542.81028000,41179,1651273.75000000,5614175.56044000
2023-05-19,3.39100000,3.47100000,3.37300000,3.42600000,2152726.33000000,7381639.02769000,27093,1103317.81000000,3783936.05765000
2023-05-20,3.42600000,3.45500000,3.40000000,3.44500000,995680.93000000,3414483.30168000,16583,534678.90000000,1833485.63256000
2023-05-21,3.44600000,3.52000000,3.42700000,3.46400000,2258692.19000000,7850641.44910000,36401,1184297.60000000,4117000.63941000
2023-05-22,3.46300000,3.49500000,3.41600000,3.43100000,1527936.00000000,5259973.56847000,26102,800655.33000000,2756861.95834000
2023-05-23,3.43000000,3.52600000,3.42000000,3.50000000,1568129.96000000,5476354.12853000,24773,849813.38000000,2967414.36018000
2023-05-24,3.50000000,3.52600000,3.31100000,3.33600000,3426726.28000000,11716458.82996000,47676,1748295.80000000,5974645.20500000
2023-05-25,3.33500000,3.34300000,3.19300000,3.23600000,2179646.41000000,7068546.62549000,34390,1093473.19000000,3547167.09761000
2023-05-26,3.23400000,3.25800000,3.19400000,3.23000000,1666462.42000000,5373185.75481000,22718,848816.64000000,2737443.44041000
2023-05-27,3.23000000,3.25400000,3.15800000,3.23800000,1369934.88000000,4405433.99854000,17759,746478.34000000,2400987.32007000
2023-05-28,3.23900000,3.35300000,3.22600000,3.30600000,1764752.09000000,5772474.70721000,24283,891891.83000000,2917940.71045000
2023-05-29,3.30700000,3.33100000,3.18300000,3.19800000,2062995.30000000,6703624.35224000,25092,1055914.44000000,3429826.62569000
2023-05-30,3.19800000,3.23700000,3.17100000,3.19100000,1568295.16000000,5022909.62166000,24038,717572.36000000,2297871.83956000
2023-05-31,3.19000000,3.20400000,3.09400000,3.15000000,2928177.61000000,9184523.60498000,32748,1429582.50000000,4485915.78814000
2023-06-01,3.14900000,3.17300000,3.05300000,3.06600000,2286078.80000000,7117795.01550000,37427,1052530.99000000,3276028.39416000
2023-06-02,3.06600000,3.18500000,3.01100000,3.14000000,2786083.95000000,8654970.96650000,31136,1342229.25000000,4169253.74716000
2023-06-03,3.14100000,3.16000000,3.10300000,3.11900000,1297538.66000000,4059189.02683000,15585,622303.97000000,1946812.81485000
2023-06-04,3.11900000,3.37200000,3.10500000,3.31000000,3497188.99000000,11352136.40050000,40172,1813374.49000000,5892561.17883000
2023-06-05,3.30900000,3.33600000,2.78600000,2.83600000,9879286.07000000,29613018.21206000,106420,4737783.28000000,14209378.50103000
2023-06-06,2.83700000,3.26900000,2.83200000,3.12200000,10223720.48000000,31934483.01099000,118444,5117327.34000000,15981987.37105000
2023-06-07,3.12200000,3.12300000,2.85500000,2.89700000,5725343.67000000,16896474.39766000,65748,2432482.05000000,7184139.63710000
2023-06-08,2.89600000,2.94800000,2.84800000,2.91600000,2980675.24000000,8667073.73631000,33234,1350043.20000000,3926219.37135000
2023-06-09,2.91600000,2.92800000,2.80400000,2.81200000,2622313.48000000,7554407.08688000,26995,1316564.08000000,3792944.41624000
2023-06-10,2.81300000,2.81300000,2.07800000,2.28600000,18355133.05000000,42650353.42805400,161559,8215454.30000000,19095918.40887000
2023-06-11,2.28600000,2.42000000,2.22800000,2.35800000,6041342.75000000,14030763.90736000,46838,2875127.24000000,6684199.11884000
2023-06-12,2.35700000,2.35800000,2.18100000,2.25200000,7272427.60000000,16599337.67730000,64318,3558070.07000000,8116610.72220000
2023-06-13,2.25300000,2.32000000,2.19300000,2.23400000,6135177.92000000,13827321.48555000,50642,2866806.95000000,6463684.48311000
2023-06-14,2.23400000,2.29600000,2.00000000,2.06300000,15531828.19000000,33642544.75147000,104044,7679377.57000000,16640404.78873000
2023-06-15,2.06300000,2.15300000,2.05400000,2.09000000,10274149.54000000,21610111.72887000,65857,5388384.91000000,11337152.88502000
2023-06-16,2.09000000,2.12700000,2.02000000,2.09800000,5761744.46000000,11981274.14529000,40187,2927780.56000000,6089668.20065000
2023-06-17,2.09800000,2.16500000,2.08300000,2.10900000,5333369.81000000,11341575.00097000,34272,2585662.29000000,5498078.57130000
2023-06-18,2.10800000,2.14400000,2.00000000,2.04700000,4648776.76000000,9735473.71720000,31799,2064955.39000000,4326658.64120000
2023-06-19,2.04800000,2.09300000,1.95300000,2.06400000,9062762.67000000,18353059.08759000,60652,4302107.40000000,8712674.99361000
2023-06-20,2.06400000,2.16500000,2.00100000,2.15300000,7115086.32000000,14662802.96997000,43762,3326577.70000000,6869363.77539000
2023-06-21,2.15400000,2.25700000,2.13000000,2.22500000,7997942.87000000,17532789.57683000,51135,3893098.08000000,8540751.93415000
2023-06-22,2.22500000,2.39300000,2.17300000,2.18100000,10100315.44000000,23125315.58704000,76792,4977127.07000000,11393354.46007000
2023-06-23,2.18200000,2.34700000,2.13300000,2.27400000,9612543.16000000,21295389.16986000,67233,4633744.44000000,10264184.83419000
2023-06-24,2.27400000,2.33200000,2.13200000,2.18400000,8690651.48000000,19413078.68567000,60303,4366010.85000000,9768725.66337000
2023-06-25,2.18400000,2.48500000,2.16900000,2.30600000,12273796.16000000,28601108.37651000,99833,6389708.95000000,14895592.30075000
2023-06-26,2.30600000,2.52500000,2.27200000,2.43700000,8930446.90000000,21359057.85232000,68865,4441777.77000000,10621269.31142000
